,Local authority,Region,Estimated jobs,Estimated jobs - local authority and independent sectors only,Estimated jobs - Direct payment recipients only,Estimated jobs - Local authority sector - Percentage,Jobs - local authority sector,Estimated jobs - Independent sector - Percentage,Total CQC regulated establishments,Estimated managerial jobs CSSR,Estimated regulated professionals jobs CSSR,Estimated direct care jobs CSSR,Estimated Other jobs CSSR,Percentage jobs full time (CSSR),Percentage jobs part time (CSSR),Percentage no fixed hours (CSSR),Percentage jobs on zero hours (CSSR),Percentage jobs zero hours (region),Average days sickness (CSSR),Average days sickness (region),Estimate whole sector number of sickness days lost for CSSR,Starters rate (CSSR),Starters rate (region),Proportion recruited from within ASC,Turnover rate (CSSR),Estimated total leavers,Turnover - (region),Exp in Sector - Average - (CSSR),Percentage in ASC 3 yrs or more,Vacancy rate - CSSR,Estimated total vacancies,Vacancy rate - (region),Gender (percentage female),Average age - CSSR,Percentage aged 24 or under - CSSR,Percentage aged 55 or over - CSSR,Nationality - British -CSSR,Nationality - EEA - CSSR,Nationality - non-EEA - CSSR,Nationality - British - Region,Qual - Percentage with - CSSR,Qual - Percentage with - Region,Care Certificate - Percentage,Senior care worker - Average hourly rate (Local authority),Senior care worker - Average hourly rate (Region),Care worker - Average hourly rate (Local authority),Care worker - Average hourly rate (Region),Support and outreach - Average hourly rate (Local authority),Support and outreach - Average hourly rate (Region),E-code,ONS Code,Local Authority (original names),Class,"Employees
 (C1)__27","Running Expenses
 (C2)__27","Total Expenditure
 (C3 = C1 + C2)__27","Sales, Fees and Charges
 (C4)__27","Other Income
 (C5)__26","Total Income
 (C6 = C4 + C5)__27","Net Current Expenditure
 (C7 = C3 - C6)__27"
1,Barking & Dagenham,London,6700,5200,1500,4%,295,73%,93,475,175,5600,425,0.40533948,0.279160494,0.315500026,0.558149676,0.390614868,2.974445749,4.121498218,13500,0.534174491,0.388760758,0.747268257,0.251065032,1200,0.272251122,6.148315206,0.676212762,0.173565892,950,0.104663279,0.792749614,43.08534252,0.045158201,0.16653656,0.529717744,0.130656455,0.3396258,0.605826199,0.529727478,0.527171039,0.187586508,8.485184617,9.568243972,7.695202828,8.683570288,8.662184057,9.985444853,E5030,E09000002,Barking & Dagenham,L,11861,57406,69267,6833,16696,23529,45738
2,Barnet,London,10500,9300,1100,3%,351,86%,166,850,400,8100,1000,0.406239409,0.392535561,0.20122503,0.386431932,0.390614868,6.08045622,4.121498218,49000,0.307029005,0.388760758,0.686626564,0.207011443,1700,0.272251122,7.826983142,0.681344929,0.104309885,950,0.104663279,0.822337368,45.3540643,0.044472681,0.254783759,0.372452652,0.246607929,0.380939419,0.605826199,0.489326449,0.527171039,0.178256533,9.533249221,9.568243972,8.271323197,8.683570288,9.137172916,9.985444853,E5031,E09000003,Barnet,L,16367.6865,127195.8758,143563.5623,26298.24642,13672.13913,39970.38555,103593.1768
3,Barnsley,Yorkshire and the Humber,6200,5200,1100,4%,250,79%,107,375,175,5000,650,0.587897725,0.322077739,0.090024536,0.249161602,0.196084667,3.652974501,6.029229693,18000,0.406732396,0.366197886,0.791230185,0.382463362,1900,0.311660638,8.333392683,0.697652487,0.048815327,250,0.055513416,0.843408453,42.39417211,0.113016392,0.221317409,0.975589618,0.008389846,0.016022493,0.925473709,0.61348206,0.57061915,0.190688993,8.255514934,8.783693196,7.708479471,7.992481685,9.320882338,9.278567484,E4401,E08000016,Barnsley,MD,11729,82092,93821,13616,18024,31640,62181
4,Bath and North East Somerset,South West,4200,3700,475,2%,82,87%,80,300,200,3100,600,0.520518277,0.410758829,0.068725588,0.115858093,0.18549455,4.282905923,5.168787304,15500,0.313979187,0.399634242,0.800897018,0.333965462,1200,0.33125035,7.176101069,0.675977157,0.081968267,325,0.074857429,0.799671363,41.62735501,0.111925222,0.201686286,0.759286696,0.177313256,0.063400048,0.84586414,0.511688172,0.527590602,0.203157072,9.700536783,8.98543731,8.869703699,8.153112596,8.58324485,8.978998695,E0101,E06000022,Bath and North East Somerset UA,UA,3549,101346,104895,249,40578,40827,64068
5,Bedford,Eastern,5900,5700,125,10%,604,87%,129,475,225,4500,650,0.574031566,0.301257565,0.12471263,0.240699406,0.261152713,2.744272439,4.934628776,14500,0.353877199,0.389379679,0.759240743,0.281120116,1500,0.339015306,7.680426417,0.723105115,0.118655001,700,0.096876067,0.816010717,42.35330111,0.106810284,0.225430484,0.755887354,0.102064491,0.142048155,0.816081532,0.54587718,0.476663883,0.109691911,9.34979583,8.964711058,8.229052396,8.184630706,9.893350012,8.946562533,E0202,E06000055,Bedford UA,UA,12757,59035,71792,8832.019,7404.437,16236.456,55555.544
6,Bexley,London,5100,4900,275,6%,289,89%,70,425,250,3900,600,0.40304602,0.372067177,0.224884745,0.37558039,0.390614868,2.956868169,4.121498218,13500,0.44871109,0.388760758,0.714826706,0.313370128,1400,0.272251122,6.971031942,0.694315469,0.126201638,650,0.104663279,0.88150778,45.36785832,0.065240389,0.263495102,0.732316621,0.070120194,0.197561126,0.605826199,0.488832634,0.527171039,0.140575862,8.889659887,9.568243972,8.152244129,8.683570288,8.75204499,9.985444853,E5032,E09000004,Bexley,L,10085,71088,81173,10864,13853,24717,56456
7,Birmingham,West Midlands,30000,28000,2300,8%,2421,84%,542,2400,1400,23000,3200,0.486035804,0.372933956,0.141029878,0.259137063,0.228483853,4.296526985,4.929270438,109000,0.36442324,0.356604118,0.631800402,0.332684833,8400,0.295452131,8.058228862,0.702981909,0.055611233,1500,0.066944312,0.799967497,42.46685133,0.100382819,0.199711825,0.812406114,0.056317489,0.131276397,0.871078776,0.595242716,0.572395799,0.188116984,9.153837213,8.844568308,7.963986001,8.011474827,9.154246101,9.473416934,E4601,E08000025,Birmingham,MD,86943,332925,419868,48852,53458,102310,317558
8,Blackburn with Darwen,North West,4100,3500,650,7%,275,77%,62,275,200,3300,375,0.564077779,0.351777957,0.084141317,0.297431348,0.214671787,3.338429106,5.507111486,9800,0.455389323,0.341105224,0.718214557,0.304189051,900,0.301673567,9.674645322,0.731426197,0.038643837,125,0.070555475,0.819124607,41.8899924,0.104791319,0.200258162,0.971154243,0.009719382,0.019126376,0.927907989,0.513270581,0.574447303,0.1056607,8.368906975,8.625317525,7.608518549,7.96388592,9.600951146,8.843358886,E2301,E06000008,Blackburn with Darwen UA,UA,7406,62444,69850,7034,17170,24204,45646
9,Blackpool,North West,5000,4500,550,11%,575,78%,93,375,200,3800,600,0.570155279,0.36353045,0.066314271,0.247424158,0.214671787,4.530994296,5.507111486,19000,0.323525455,0.341105224,0.551318867,0.273913341,1200,0.301673567,8.443975443,0.690653244,0.061003825,275,0.070555475,0.772966405,42.52032685,0.09757252,0.227470487,0.908357378,0.051837676,0.039804946,0.927907989,0.573168012,0.574447303,0.163975534,8.456299972,8.625317525,7.813403367,7.96388592,10.02689547,8.843358886,E2302,E06000009,Blackpool UA,UA,16039,59232,75271,14911,16858,31769,43502
10,Bolton,North West,7100,5700,1400,9%,663,71%,96,475,300,5700,600,0.505792222,0.377361292,0.116846486,0.201440324,0.214671787,8.428479614,5.507111486,42000,0.279517509,0.341105224,0.723044297,0.22514763,1100,0.301673567,9.238250758,0.777477931,0.037244298,200,0.070555475,0.844766676,42.66831023,0.093553888,0.217243238,0.930959892,0.018386661,0.050653447,0.927907989,0.597128189,0.574447303,0.094863434,8.685137457,8.625317525,8.119929921,7.96388592,10.54593121,8.843358886,E4201,E08000001,Bolton,MD,22209,87496,109705,12886,25592,38478,71227
11,Bournemouth,South West,7000,6400,650,5%,326,86%,143,650,325,5100,950,0.563508652,0.329817886,0.106673462,0.163202549,0.18549455,3.300728066,5.168787304,20500,0.475372623,0.399634242,0.616057456,0.360596848,2200,0.33125035,9.278458789,0.740632812,0.06910754,450,0.074857429,0.807178267,43.10743481,0.086440617,0.225054834,0.694409313,0.187153035,0.118439216,0.84586414,0.522034603,0.527590602,0.126663988,8.861255177,8.98543731,8.245018135,8.153112596,8.88107725,8.978998695,E1202,E06000028,Bournemouth UA,UA,10625,79315,89940,1339,29328,30667,59273
12,Bracknell Forest,South East,2300,2200,150,15%,344,79%,31,225,100,1700,250,0.60495011,0.328344312,0.066700946,0.197314174,0.225662962,5.244724129,4.800241288,10500,0.416544427,0.380447713,0.433822508,0.242294001,500,0.302660805,8.743313229,0.746768949,0.100854671,225,0.086517489,0.834445093,42.90014546,0.06913292,0.20016769,0.721796048,0.200626291,0.077573029,0.771298639,0.525287899,0.493063744,0.158453542,9.57911733,9.219536233,9.461881037,8.374979322,10.58795396,9.687891049,E0301,E06000036,Bracknell Forest UA,UA,9935,35772,45707,4715,7845,12560,33147
13,Bradford,Yorkshire and the Humber,13000,12000,900,12%,1562,81%,201,950,600,9700,1600,0.510603319,0.383089211,0.106306629,0.179153804,0.196084667,11.74628047,6.029229693,133000,0.362461911,0.366197886,0.662402622,0.294064686,3300,0.311660638,8.696010157,0.748269941,0.084467168,1000,0.055513416,0.82493187,42.51077159,0.111558438,0.224035647,0.878855035,0.044021125,0.077122998,0.925473709,0.592862017,0.57061915,0.063562698,8.879518727,8.783693196,7.848542738,7.992481685,9.95638459,9.278567484,E4701,E08000032,Bradford,MD,36121,151391,187512,28114,37863,65977,121535
14,Brent,London,7500,6300,1300,5%,355,78%,126,600,300,6000,600,0.548464191,0.261169664,0.190367756,0.376089409,0.390614868,4.009594373,4.121498218,22000,0.395514499,0.388760758,0.743408754,0.296495771,1600,0.272251122,5.950056404,0.79526365,0.089168491,550,0.104663279,0.774756656,45.73583607,0.055226262,0.264046284,0.664524915,0.100156321,0.235320376,0.605826199,0.488143815,0.527171039,0.22012828,9.615226395,9.568243972,9.030216511,8.683570288,9.383424973,9.985444853,E5033,E09000005,Brent,L,16203,89191,105394,10500,17169,27669,77725
15,Brighton & Hove,South East,7800,7000,750,11%,852,79%,155,700,325,5900,900,0.563992868,0.352309373,0.08369632,0.212913837,0.225662962,4.109207453,4.800241288,25000,0.315583935,0.380447713,0.730224239,0.261316839,1600,0.302660805,7.318996617,0.652839355,0.080741657,550,0.086517489,0.733541124,43.71826618,0.072411714,0.226935414,0.791328323,0.141828877,0.0668428,0.771298639,0.572085781,0.493063744,0.127591452,9.36050967,9.219536233,8.744919172,8.374979322,10.42657686,9.687891049,E1401,E06000043,Brighton & Hove UA,UA,26957,93481,120438,17375,17434,34809,85629
16,Bristol,South West,12000,10500,1500,8%,957,79%,173,850,650,8900,1400,0.487307591,0.434546779,0.078146609,0.186608476,0.18549455,6.497160662,5.168787304,63000,0.343885117,0.399634242,0.736187126,0.289140077,2800,0.33125035,6.266150769,0.665882798,0.107344372,1200,0.074857429,0.799660922,41.88820318,0.113119048,0.208887526,0.786483696,0.125250244,0.08826606,0.84586414,0.491058801,0.527590602,0.166994449,10.07793827,8.98543731,8.263189393,8.153112596,9.132308964,8.978998695,E0102,E06000023,Bristol UA,UA,32565,182493,215058,50053,7675,57728,157330
17,Bromley,London,7200,6900,250,4%,312,92%,114,550,425,5200,950,0.600006127,0.250571503,0.14942237,0.246126397,0.390614868,5.743632461,4.121498218,36000,0.391675856,0.388760758,0.685986173,0.279976005,1800,0.272251122,7.721617044,0.774303291,0.091185032,650,0.104663279,0.836143801,44.99100767,0.05857707,0.251085017,0.660355696,0.117513017,0.222132746,0.605826199,0.481190361,0.527171039,0.174594769,9.449819805,9.568243972,8.481047352,8.683570288,9.288320149,9.985444853,E5034,E09000006,Bromley,L,10263,90676,100939,13809,17704,31513,69426
18,Bury,North West,5300,4700,650,10%,538,78%,88,450,250,3900,700,0.457876472,0.402318551,0.139804978,0.222380719,0.214671787,5.13415511,5.507111486,20500,0.409316264,0.341105224,0.622042198,0.33094661,1300,0.301673567,10.66759778,0.759281654,0.08854761,375,0.070555475,0.837143648,44.63277268,0.086418702,0.263671784,0.883570014,0.039474973,0.076955013,0.927907989,0.640748153,0.574447303,0.066699312,8.747342683,8.625317525,8.21845272,7.96388592,9.971547743,8.843358886,E4202,E08000002,Bury,MD,13294,69471,82765,10589,19028,29617,53148
19,Calderdale,Yorkshire and the Humber,6200,5100,1100,11%,652,72%,96,450,250,4900,600,0.516135459,0.397970516,0.085894024,0.171261345,0.196084667,6.181278982,6.029229693,29000,0.381108681,0.366197886,0.718215838,0.289823218,1400,0.311660638,8.718046188,0.710329101,0.067773943,350,0.055513416,0.821157681,42.73729551,0.111808998,0.22672298,0.962775705,0.009113738,0.028110556,0.925473709,0.548564192,0.57061915,0.100466142,8.509818008,8.783693196,7.9058104,7.992481685,8.561167168,9.278567484,E4702,E08000033,Calderdale,MD,16151,66248,82399,12887,16637,29524,52875
20,Camden,London,7000,6100,850,5%,374,82%,40,550,250,5700,500,0.281985453,0.40031037,0.317704177,0.484484766,0.390614868,7.616761384,4.121498218,38000,0.320999992,0.388760758,0.791971913,0.223671748,1100,0.272251122,5.910411298,0.594162491,0.047904363,250,0.104663279,0.806887011,42.44643091,0.060945697,0.194046716,0.570587119,0.191283146,0.238131369,0.605826199,0.540140435,0.527171039,0.075718528,10.74541713,9.568243972,9.472252036,8.683570288,10.48225227,9.985444853,E5011,E09000007,Camden,L,18810,104303,123113,9422,33261,42683,80430
21,Central Bedfordshire,Eastern,4600,4400,250,13%,594,81%,94,400,200,3500,550,0.505733286,0.387170307,0.107096407,0.35811553,0.261152713,4.994012786,4.934628776,20500,0.362845844,0.389379679,0.637780403,0.316366282,1300,0.339015306,7.765663705,0.710477092,0.1121675,500,0.096876067,0.831301215,43.35388278,0.099586836,0.250437752,0.803229943,0.122623386,0.074146671,0.816081532,0.454655336,0.476663883,0.121028637,8.564152509,8.964711058,8.182105835,8.184630706,9.500221298,8.946562533,E0203,E06000056,Central Bedfordshire UA,UA,25452,72383,97835,15201,2897,18098,79737
22,Cheshire East,North West,10500,9800,750,10%,999,83%,181,750,600,7800,1500,0.465024914,0.470395032,0.064579035,0.22795173,0.214671787,4.428133309,5.507111486,41000,0.350345142,0.341105224,0.764733166,0.346017092,3200,0.301673567,8.019130791,0.687845062,0.098909839,1000,0.070555475,0.805061041,43.59705663,0.106007845,0.256281448,0.88505419,0.060691102,0.054254708,0.927907989,0.497930649,0.574447303,0.093998475,9.112247103,8.625317525,8.117845348,7.96388592,9.743463177,8.843358886,E0603,E06000049,Cheshire East UA,UA,35412,106054,141466,23984,715,24699,116767
23,City of London,London,1800,1800,25,1%,14,98%,335,175,25,1500,150,0.34933617,0.65066383,0,0,0.390614868,5.629830064,4.121498218,9900,0.681421077,0.388760758,0.391001229,0.202697308,350,0.272251122,5.709402746,0.539463314,0.043927226,75,0.104663279,0.798139402,47.49786439,0.017939123,0.268662474,0.391982232,0.177583537,0.430434231,0.605826199,0.99889775,0.527171039,0.000501524,9.53477098,9.568243972,8.399108402,8.683570288,9.133559457,9.985444853,E5010,E09000001,City of London,L,1079.652133,5185.49258,6265.144713,218.506052,349.43847,567.944522,5697.200191
24,Cornwall,South West,17000,15500,1700,6%,1072,84%,7,1500,700,13000,2000,0.522624359,0.41177255,0.065603091,0.155239599,0.18549455,5.161230823,5.168787304,75000,0.36700838,0.399634242,0.618371689,0.327020859,4800,0.33125035,7.883704147,0.6820457,0.07111931,1100,0.074857429,0.802498456,42.4756564,0.123582035,0.244936901,0.939289882,0.044259664,0.0164498,0.84586414,0.603910456,0.527590602,0.142262926,8.749291892,8.98543731,7.975365746,8.153112596,9.228584193,8.978998695,E0801,E06000052,Cornwall UA,UA,29727,213284,243011,24171,44387,68558,174453
25,Coventry,West Midlands,9000,8400,650,10%,862,83%,176,750,325,7000,950,0.490594546,0.417001835,0.092404815,0.261295038,0.228483853,4.867291887,4.929270438,39000,0.495275427,0.356604118,0.663912343,0.301375924,2400,0.295452131,7.536797552,0.767603224,0.097038132,850,0.066944312,0.816761136,41.88942072,0.095063034,0.179792271,0.747755109,0.083780557,0.168464334,0.871078776,0.566950752,0.572395799,0.12455826,9.626215784,8.844568308,8.171924049,8.011474827,9.475318011,9.473416934,E4602,E08000026,Coventry,MD,23600,84296,107896,12544,13575,26119,81777
26,Croydon,London,12000,11500,650,4%,533,90%,238,1000,550,9500,1100,0.579502494,0.221599435,0.19889807,0.3675224,0.390614868,5.070984087,4.121498218,53000,0.385727544,0.388760758,0.781681139,0.266832865,2800,0.272251122,7.204683508,0.730831797,0.127858507,1500,0.104663279,0.777814841,45.36291103,0.047184414,0.251076452,0.543403042,0.099190319,0.357406639,0.605826199,0.456128554,0.527171039,0.17814036,9.493785004,9.568243972,8.57364677,8.683570288,10.32144845,9.985444853,E5035,E09000008,Croydon,L,25493.39844,128710.3744,154203.7728,15873.0585,31313.41298,47186.47148,107017.3013
27,Darlington,North East,3900,3500,400,5%,203,84%,55,275,175,3000,450,0.439548187,0.469122991,0.091328822,0.175075974,0.265734674,5.472060156,5.783992399,17500,0.338493694,0.327421339,0.662558499,0.270512357,850,0.270785038,8.233545174,0.724735628,0.061602918,200,0.071449654,0.859924927,43.38895798,0.108767807,0.256733306,0.934383675,0.040738612,0.024877713,0.958808622,0.540685724,0.611708381,0.139045887,8.553258837,8.558657559,7.872457035,7.887192607,8.993436922,9.235702254,E1301,E06000005,Darlington UA,UA,7185,37048,44233,9094,6307,15401,28832
28,Doncaster,Yorkshire and the Humber,7900,6800,1100,9%,698,78%,130,600,300,6000,1000,0.590424612,0.344203291,0.065372096,0.123170721,0.196084667,8.029511646,6.029229693,53000,0.290522027,0.366197886,0.807595738,0.227224708,1500,0.311660638,7.898767443,0.690970137,0.052198003,375,0.055513416,0.840120648,42.82381058,0.112166482,0.245543078,0.945033004,0.03220117,0.022765826,0.925473709,0.582842352,0.57061915,0.107732265,8.399691596,8.783693196,7.803652334,7.992481685,8.82812806,9.278567484,E4402,E08000017,Doncaster,MD,22016,98835,120851,25012,15496,40508,80343
29,Dudley,West Midlands,7800,6900,900,11%,829,78%,142,600,300,5900,900,0.510447032,0.440069431,0.04948501,0.161712571,0.228483853,4.411971783,4.929270438,29000,0.278189355,0.356604118,0.666551832,0.224803515,1500,0.295452131,9.427833625,0.730803432,0.05744862,400,0.066944312,0.851871809,43.18616946,0.101599444,0.23420284,0.947161222,0.016561254,0.036278996,0.871078776,0.635103263,0.572395799,0.111782944,8.420471927,8.844568308,7.830158081,8.011474827,9.316587081,9.473416934,E4603,E08000027,Dudley,MD,23882.10718,100519.7105,124401.8177,17258.37434,19107.89919,36366.27353,88035.54416
30,Durham,North East,14500,13000,1200,7%,1087,84%,201,850,750,11000,1700,0.552410283,0.304516019,0.143073698,0.271860182,0.265734674,6.433720447,5.783992399,79000,0.342971529,0.327421339,0.780326482,0.317146819,3900,0.270785038,8.954908263,0.752648048,0.103483064,1400,0.071449654,0.872746136,43.43411787,0.091998278,0.249037454,0.981699832,0.011085825,0.007214343,0.958808622,0.59952523,0.611708381,0.1572704,8.348714323,8.558657559,7.986020689,7.887192607,9.694856532,9.235702254,E1302,E06000047,Durham UA,UA,38904,189082,227986,40858,51937,92795,135191
31,Ealing,London,6900,6300,550,7%,472,85%,111,550,375,5300,650,0.674722722,0.292113022,0.033162651,0.394174038,0.390614868,1.537978613,4.121498218,8900,0.511492957,0.388760758,0.386316897,0.271063484,1600,0.272251122,7.874874475,0.624361948,0.062198202,375,0.104663279,0.820671755,44.2180156,0.077025002,0.231171256,0.631644802,0.149229525,0.219124068,0.605826199,0.3671585,0.527171039,0.272912917,9.455875116,9.568243972,8.623087392,8.683570288,9.818563331,9.985444853,E5036,E09000009,Ealing,L,19241,121496,140737,15570,23580,39150,101587
32,East Riding of Yorkshire,Yorkshire and the Humber,12000,9900,2200,10%,1252,71%,187,900,325,9400,1400,0.502886467,0.372067331,0.125046202,0.24518735,0.196084667,4.295927816,6.029229693,39000,0.362534804,0.366197886,0.812158081,0.347622317,3200,0.311660638,7.108200139,0.629616356,0.05180943,500,0.055513416,0.880423485,42.28369059,0.12656346,0.236852638,0.967577022,0.018606328,0.01381563,0.925473709,0.549319072,0.57061915,0.15400787,8.578904311,8.783693196,7.901681426,7.992481685,8.922500913,9.278567484,E2001,E06000011,East Riding of Yorkshire UA,UA,20753,129282,150035,29710,34099,63809,86226
33,Enfield,London,9300,7500,1700,3%,300,78%,163,700,350,7600,650,0.510015276,0.364206535,0.125778189,0.410085096,0.390614868,5.888819098,4.121498218,41000,0.421457658,0.388760758,0.639334815,0.279107362,2000,0.272251122,6.526904585,0.639712399,0.098600717,750,0.104663279,0.828903665,45.69631305,0.04927815,0.274608935,0.639395758,0.132178586,0.228425656,0.605826199,0.582018741,0.527171039,0.150694823,8.809684326,9.568243972,8.134165736,8.683570288,8.645945848,9.985444853,E5037,E09000010,Enfield,L,12925.55525,111849.2983,124774.8536,19480.72968,27367.76053,46848.49021,77926.36337
34,Gateshead,North East,6100,5600,500,13%,767,79%,94,450,275,4600,750,0.520220202,0.335367136,0.144412663,0.171586221,0.265734674,6.846891752,5.783992399,35000,0.242401799,0.327421339,0.799871664,0.214755948,1100,0.270785038,8.915802029,0.710116083,0.073092507,400,0.071449654,0.842519885,44.12515498,0.09567391,0.259583524,0.96401511,0.010506167,0.025478723,0.958808622,0.551187654,0.611708381,0.120761099,8.817573893,8.558657559,7.967329322,7.887192607,8.417126057,9.235702254,E4501,E08000037,Gateshead,MD,22161,87651,109812,13419,28302,41721,68091
35,Greenwich,London,7000,6200,800,7%,503,81%,90,600,275,5400,700,0.531475293,0.251419819,0.217104888,0.287902933,0.390614868,3.220347597,4.121498218,18000,0.196990178,0.388760758,0.732553199,0.141399947,800,0.272251122,8.340229092,0.704497029,0.018873206,100,0.104663279,0.800938895,45.4126842,0.032478811,0.234536632,0.634682154,0.067308115,0.298009731,0.605826199,0.563683894,0.527171039,0.131909255,9.479669377,9.568243972,8.424065194,8.683570288,9.162163478,9.985444853,E5012,E09000011,Greenwich,L,21787,101978,123765,9206,32237,41443,82322
36,Hackney,London,5300,4700,600,11%,585,77%,40,475,175,4200,475,0.445377516,0.270285145,0.284339497,0.326355796,0.390614868,4.074675651,4.121498218,16000,0.283101892,0.388760758,0.735226959,0.200071662,800,0.272251122,8.811084205,0.791083946,0.133792564,600,0.104663279,0.755535844,45.87522446,0.012645033,0.251053213,0.55109163,0.11193843,0.33696994,0.605826199,0.752171173,0.527171039,0.083404555,11.51226928,9.568243972,9.491597279,8.683570288,11.04323158,9.985444853,E5013,E09000012,Hackney,L,18709,75014,93723,5958,19743,25701,68022
37,Halton,North West,3200,2500,650,26%,841,53%,35,300,125,2300,400,0.52798236,0.286707615,0.185310025,0.14149117,0.214671787,6.867177132,5.507111486,15000,0.263333592,0.341105224,0.789448586,0.328734888,700,0.301673567,8.925229569,0.768372658,0.057343433,125,0.070555475,0.841341588,44.85808495,0.059176445,0.265574626,0.977603515,0.016221658,0.006174827,0.927907989,0.476806697,0.574447303,0.053099437,9.258695358,8.625317525,7.896080046,7.96388592,10.7184034,8.843358886,E0601,E06000006,Halton UA,UA,15283,62840,78123,8861,30356,39217,38906
38,Hammersmith & Fulham,London,3700,3100,550,9%,327,76%,33,275,150,2900,325,0.544497605,0.197865366,0.257637029,0.411331944,0.390614868,3.118656719,4.121498218,9000,0.317840494,0.388760758,0.592210884,0.154488373,450,0.272251122,4.688454529,0.432525079,0.15081007,500,0.104663279,0.796568244,43.14258448,0.08464168,0.203154075,0.473797433,0.299723276,0.22647929,0.605826199,0.683989289,0.527171039,0.127117319,10.26515274,9.568243972,9.499447039,8.683570288,12.51814044,9.985444853,E5014,E09000013,Hammersmith & Fulham,L,13640,76624,90264,201,30596,30797,59467
39,Haringey,London,4600,3900,700,7%,305,78%,83,400,100,3800,375,0.56685881,0.231130775,0.202010415,0.287864069,0.390614868,4.014250213,4.121498218,13500,0.408462109,0.388760758,0.805949304,0.156021793,550,0.272251122,6.827395968,0.67139938,0.045915911,175,0.104663279,0.816807918,45.23398844,0.049595572,0.261263815,0.608092682,0.153059042,0.238848276,0.605826199,0.682232226,0.527171039,0.122049892,9.337215823,9.568243972,8.239999199,8.683570288,10.01471044,9.985444853,E5038,E09000014,Haringey,L,13546.7291,91267.59643,104814.3255,9092.334564,16591.07673,25683.41129,79130.91424
40,Harrow,London,6600,5500,1100,6%,366,77%,121,500,225,5300,550,0.528099291,0.371162811,0.100737898,0.413637562,0.390614868,4.495558138,4.121498218,20500,0.446688952,0.388760758,0.746827113,0.369373134,1700,0.272251122,6.974498928,0.645167534,0.203950001,1200,0.104663279,0.812919019,44.70126657,0.060091763,0.235911644,0.545694183,0.212121212,0.242182762,0.605826199,0.409126855,0.527171039,0.121523649,9.549856155,9.568243972,8.389137137,8.683570288,9.497563588,9.985444853,E5039,E09000015,Harrow,L,12119.83151,73348.88759,85468.7191,7965.24312,10028.9883,17994.23142,67474.48768
41,Hartlepool,North East,3400,2800,700,9%,295,72%,37,200,125,2800,325,0.512177489,0.375994507,0.111828004,0.291958207,0.265734674,4.886407658,5.783992399,12500,0.353792169,0.327421339,0.695926063,0.234315259,600,0.270785038,7.632085068,0.696104075,0.040921021,100,0.071449654,0.869161018,42.99635983,0.099933881,0.232829086,0.991219275,0.001605743,0.007174982,0.958808622,0.558729501,0.611708381,0.064211551,9.053696728,8.558657559,7.913934837,7.887192607,9.847909699,9.235702254,E0701,E06000001,Hartlepool UA,UA,8608,44889.53336,53497.53336,10646,13552.38146,24198.38146,29299.15189
42,Havering,London,6400,5600,750,5%,290,84%,110,425,300,4900,750,0.455460908,0.308637514,0.235903349,0.398735982,0.390614868,6.921195389,4.121498218,34000,0.358165847,0.388760758,0.684300211,0.302642855,1500,0.272251122,6.908877706,0.656129052,0.134399017,750,0.104663279,0.853217347,43.91492501,0.071235623,0.218965936,0.680853212,0.111883999,0.20726456,0.605826199,0.463748939,0.527171039,0.177906612,8.371010185,9.568243972,8.116473345,8.683570288,9.110857701,9.985444853,E5040,E09000016,Havering,L,14001,67787,81788,10662,6676,17338,64450
43,Herefordshire,West Midlands,6300,5600,700,5%,291,84%,133,500,275,4800,750,0.496861749,0.42270453,0.080431937,0.212869681,0.228483853,5.541534764,4.929270438,29000,0.430453419,0.356604118,0.607246149,0.38391358,2000,0.295452131,8.324498682,0.680288933,0.039956676,225,0.066944312,0.827367685,43.37071121,0.115903085,0.267337943,0.88171648,0.089566743,0.028716776,0.871078776,0.57822803,0.572395799,0.106953722,8.697365806,8.844568308,7.99814992,8.011474827,9.289212503,9.473416934,E1801,E06000019,Herefordshire UA,UA,8045,73448,81493,10622,12680,23302,58191
44,Hillingdon,London,5500,5100,450,6%,350,86%,95,425,275,4300,500,0.5512227,0.280588342,0.168188959,0.307999531,0.390614868,3.73271146,4.121498218,17000,0.391973321,0.388760758,0.81166475,0.211734069,1000,0.272251122,6.388568807,0.686747419,0.115647837,600,0.104663279,0.844158191,42.6625397,0.088604754,0.207448805,0.722206003,0.119572924,0.158221073,0.605826199,0.489516739,0.527171039,0.18019054,9.296788668,9.568243972,8.282299397,8.683570288,9.396755568,9.985444853,E5041,E09000017,Hillingdon,L,8358.01707,86634.79,94992.80707,10310.13321,17192.76411,27502.89732,67489.90975
45,Hounslow,London,5400,4800,600,11%,614,78%,81,425,225,4200,550,0.58244165,0.313706904,0.103849358,0.529306022,0.390614868,3.689319938,4.121498218,16500,0.339838847,0.388760758,0.668433679,0.412242977,1900,0.272251122,6.741925785,0.606136591,0.219673375,1300,0.104663279,0.82898679,44.10739452,0.070391659,0.234412679,0.664368646,0.128475477,0.207153788,0.605826199,0.463025328,0.527171039,0.204878039,10.06999916,9.568243972,8.764401447,8.683570288,11.02583823,9.985444853,E5042,E09000018,Hounslow,L,18212,57157,75369,8785,16731,25516,49853
46,Isle of Wight,South East,5300,4900,400,12%,650,80%,115,400,200,4000,750,0.519750988,0.402750168,0.077498844,0.178237604,0.225662962,5.079514854,4.800241288,23500,0.459449221,0.380447713,0.73713559,0.400269285,1800,0.302660805,8.527499655,0.711997047,0.041719563,200,0.086517489,0.794461528,43.05676812,0.12304762,0.254095434,0.917746477,0.053102712,0.029148783,0.771298639,0.607895121,0.493063744,0.143336146,8.510801225,9.219536233,8.000863957,8.374979322,8.895085866,9.687891049,E2101,E06000046,Isle of Wight UA,UA,13574,61551,75125,11250,10364,21614,53511
47,Islington,London,7000,6200,850,5%,338,83%,44,550,275,5700,550,0.422968636,0.257362068,0.319669295,0.455037231,0.390614868,3.32565738,4.121498218,18500,0.366322732,0.388760758,0.37615049,0.308076835,1700,0.272251122,5.635421227,0.731594214,0.08956757,550,0.104663279,0.806850548,43.41328099,0.067988961,0.223376606,0.679063178,0.10901715,0.211918032,0.605826199,0.347627036,0.527171039,0.328574778,9.99959063,9.568243972,8.7499756,8.683570288,9.385987352,9.985444853,E5015,E09000019,Islington,L,22292,94549,116841,9953,27069,37022,79819
48,Kensington & Chelsea,London,4200,3500,700,6%,237,78%,32,300,150,3400,375,0.531618487,0.308311604,0.160069909,0.402491931,0.390614868,3.868234568,4.121498218,13000,0.465842864,0.388760758,0.524447138,0.329367136,1100,0.272251122,7.970483023,0.888139368,0.255215923,1100,0.104663279,0.800856954,43.9525321,0.05403036,0.228378131,0.642889963,0.153625844,0.203481374,0.605826199,0.525258989,0.527171039,0.126978534,9.573729583,9.568243972,8.42849956,8.683570288,9.817123632,9.985444853,E5016,E09000020,Kensington & Chelsea,L,9260,62875,72135,2646,23550.5,26196.5,45938.5
49,Kingston upon Hull,Yorkshire and the Humber,7100,6000,1000,10%,730,75%,119,500,200,5500,900,0.455198594,0.38422377,0.160577636,0.103489009,0.196084667,6.326249459,6.029229693,36000,0.361840912,0.366197886,0.734401211,0.311180603,1800,0.311660638,8.148243632,0.783354608,0.06135118,375,0.055513416,0.855540778,42.61090746,0.095098144,0.226558375,0.94931229,0.022674718,0.028012992,0.925473709,0.647703957,0.57061915,0.108122197,8.975656201,8.783693196,7.956946566,7.992481685,10.01280708,9.278567484,E2002,E06000010,Kingston upon Hull UA,UA,18293,87262,105555,15994,16291,32285,73270
50,Kingston upon Thames,London,4000,3700,300,4%,154,89%,70,425,175,3000,450,0.620249787,0.296279889,0.083467656,0.187732173,0.390614868,2.144363222,4.121498218,7600,0.390443082,0.388760758,0.52782611,0.448171925,1600,0.272251122,6.112761529,0.490958582,0.132247246,550,0.104663279,0.80953512,43.42574722,0.084780636,0.237158412,0.599618382,0.241118702,0.159260248,0.605826199,0.416124039,0.527171039,0.196912361,9.667184863,9.568243972,8.892855262,8.683570288,10.64318365,9.985444853,E5043,E09000021,Kingston upon Thames,L,7771.2692,57773.72535,65544.99455,7413.73637,7729.21982,15142.95619,50402.03836
51,Kirklees,Yorkshire and the Humber,11000,9500,1500,12%,1317,74%,189,950,400,8600,1200,0.452472912,0.413504094,0.134021947,0.19069482,0.196084667,5.96494154,6.029229693,54000,0.371481551,0.366197886,0.65472747,0.285669713,2600,0.311660638,8.948004223,0.757533518,0.042490984,400,0.055513416,0.847056027,41.91379209,0.11785528,0.202101656,0.94543737,0.014281585,0.040281045,0.925473709,0.614239066,0.57061915,0.103772676,8.513763756,8.783693196,7.983065155,7.992481685,9.276467743,9.278567484,E4703,E08000034,Kirklees,MD,34932,129398,164330,22915,36715,59630,104700
52,Knowsley,North West,4400,4000,475,9%,381,81%,49,350,225,3500,400,0.571812937,0.316883647,0.111303416,0.199343953,0.214671787,7.441239739,5.507111486,27000,0.333838159,0.341105224,0.839171389,0.356126195,1300,0.301673567,11.50144994,0.781839996,0.072960135,275,0.070555475,0.78544698,45.71014193,0.064065452,0.302202992,0.963756573,0.006685557,0.02955787,0.927907989,0.545262164,0.574447303,0.097518762,8.393162393,8.625317525,7.821004027,7.96388592,10.05764576,8.843358886,E4301,E08000011,Knowsley,MD,14562,71572,86134,12755,12436,25191,60943
53,Lambeth,London,10000,8900,1200,5%,526,83%,90,800,325,8100,900,0.806226444,0.143871903,0.049901653,0.311008286,0.390614868,2.094514702,4.121498218,17500,0.359806316,0.388760758,0.501448667,0.334275559,2800,0.272251122,8.102387872,0.699648391,0.048562295,425,0.104663279,0.78408996,45.48597515,0.044030206,0.257004523,0.566749319,0.229049661,0.20420102,0.605826199,0.607040994,0.527171039,0.153481881,10.93077372,9.568243972,9.746938095,8.683570288,10.47610616,9.985444853,E5017,E09000022,Lambeth,L,15883.44,108178.8,124062.24,5939.04,15896.22,21835.26,102226.98
54,Leeds,Yorkshire and the Humber,19000,17500,1400,7%,1391,86%,262,1600,850,14500,2000,0.497449974,0.397605764,0.104944262,0.190964495,0.196084667,6.00522613,6.029229693,101000,0.327203186,0.366197886,0.651786561,0.31752614,5300,0.311660638,9.053884304,0.743998409,0.046677043,800,0.055513416,0.821757632,42.78684993,0.091722645,0.211007517,0.881870126,0.040454661,0.077675213,0.925473709,0.554578674,0.57061915,0.170618579,9.552152036,8.783693196,8.102071062,7.992481685,8.805666871,9.278567484,E4704,E08000035,Leeds,MD,44031,292498,336529,30708,75018,105726,230803
55,Lewisham,London,8400,7400,1000,4%,371,83%,109,550,500,6900,500,0.462459324,0.259409847,0.278132209,0.463784703,0.390614868,2.301877918,4.121498218,14000,0.317895696,0.388760758,0.71289663,0.195679428,1200,0.272251122,7.345008636,0.729804879,0.104849854,700,0.104663279,0.831001724,44.86218817,0.045714538,0.220302877,0.617358878,0.101968602,0.28067252,0.605826199,0.671674575,0.527171039,0.249215472,9.689322864,9.568243972,8.92300514,8.683570288,10.88485417,9.985444853,E5018,E09000023,Lewisham,L,17790.44139,88389.19561,106179.637,12055.332,14004.484,26059.816,80119.821
56,Liverpool,North West,16000,14500,1700,7%,1094,83%,169,1300,700,12500,1800,0.620413136,0.308321208,0.07126496,0.147016354,0.214671787,6.258074188,5.507111486,84000,0.298511738,0.341105224,0.730290393,0.285870458,3900,0.301673567,8.497837544,0.711820403,0.097080782,1400,0.070555475,0.779857693,43.73216322,0.078912228,0.253864363,0.947021228,0.024994256,0.02798382,0.927907989,0.557288367,0.574447303,0.103933636,8.463923271,8.625317525,7.984167346,7.96388592,8.211306398,8.843358886,E4302,E08000012,Liverpool,MD,41903,178772,220675,13922,42909,56831,163844
57,Luton,Eastern,6300,5000,1300,9%,553,71%,89,450,200,5200,475,0.441995042,0.412752882,0.145252076,0.342350359,0.261152713,3.994333416,4.934628776,18000,0.384465373,0.389379679,0.757328782,0.278220749,1300,0.339015306,7.746985485,0.748544175,0.050981133,250,0.096876067,0.864243975,42.53606574,0.097648182,0.197605009,0.733551158,0.082673407,0.183775435,0.816081532,0.488857089,0.476663883,0.205520073,8.76909908,8.964711058,8.107382107,8.184630706,8.86279653,8.946562533,E0201,E06000032,Luton UA,UA,16563,62601,79164,9863,10647,20510,58654
58,Manchester,North West,10500,9700,850,12%,1275,80%,159,900,475,8100,1100,0.585724194,0.307536466,0.10673934,0.2103585,0.214671787,5.542913673,5.507111486,48000,0.321982972,0.341105224,0.722032775,0.260118183,2300,0.301673567,10.15084837,0.80782633,0.066687376,600,0.070555475,0.76346781,43.91254283,0.068572523,0.236263031,0.854494446,0.044335745,0.101169809,0.927907989,0.603440065,0.574447303,0.059657132,8.68332944,8.625317525,7.998822834,7.96388592,9.340957709,8.843358886,E4203,E08000003,Manchester,MD,33336,158798,192134,22504,25625,48129,144005
59,Merton,London,5300,4700,650,6%,301,82%,83,400,225,4200,500,0.494760139,0.365122184,0.140115505,0.458670802,0.390614868,4.297841983,4.121498218,18000,0.264936371,0.388760758,0.733895437,0.370296406,1500,0.272251122,7.508849663,0.731968906,0.088280071,400,0.104663279,0.811295511,45.31960001,0.061692437,0.267131901,0.608041041,0.133295541,0.258663417,0.605826199,0.549246003,0.527171039,0.201766675,9.978022921,9.568243972,8.471615939,8.683570288,8.924566908,9.985444853,E5044,E09000024,Merton,L,10404.77,60419.5404,70824.3104,10587.6,8884.1,19471.7,51352.6104
60,Middlesbrough,North East,6100,5000,1100,7%,424,75%,65,350,275,4800,700,0.557737905,0.311146446,0.131115648,0.333164688,0.265734674,4.217378278,5.783992399,19500,0.36920173,0.327421339,0.712650601,0.219315047,1000,0.270785038,7.535733717,0.669077892,0.053263825,275,0.071449654,0.866346642,41.97211933,0.100209401,0.212332384,0.962103006,0.003790502,0.034106491,0.958808622,0.562367619,0.611708381,0.239253383,8.73618959,8.558657559,7.869446422,7.887192607,9.036624275,9.235702254,E0702,E06000002,Middlesbrough UA,UA,10542,62828,73370,10611,18638,29249,44121
61,Milton Keynes,South East,6700,6300,425,11%,732,83%,115,550,225,5200,700,0.489133423,0.345877798,0.164990377,0.270030755,0.225662962,7.159231237,4.800241288,41000,0.356328116,0.380447713,0.686202421,0.303680868,1700,0.302660805,8.271595683,0.757746312,0.112313288,700,0.086517489,0.81971681,44.41368281,0.062977551,0.240866193,0.695115635,0.102687392,0.202196973,0.771298639,0.485573572,0.493063744,0.184464855,9.583271031,9.219536233,8.394617576,8.374979322,9.606061657,9.687891049,E0401,E06000042,Milton Keynes UA,UA,22013.5125,58917.57476,80931.08726,8296.71,12255.779,20552.489,60378.59826
62,Newcastle upon Tyne,North East,9900,9200,750,9%,884,84%,106,700,475,7600,1100,0.558717812,0.285025552,0.156256636,0.209578453,0.265734674,5.509291278,5.783992399,46000,0.348936858,0.327421339,0.716836008,0.308079164,2600,0.270785038,9.35291969,0.789698707,0.051520441,450,0.071449654,0.768960794,44.00262181,0.077451687,0.25932568,0.902652063,0.032320954,0.065026983,0.958808622,0.58826843,0.611708381,0.108782449,8.597061607,8.558657559,7.950957231,7.887192607,9.380672913,9.235702254,E4502,E08000021,Newcastle upon Tyne,MD,26469,127472,153941,17722,42078,59800,94141
63,Newham,London,6000,4800,1300,6%,390,73%,81,550,250,4900,400,0.486524064,0.299330751,0.214147277,0.541554724,0.390614868,4.774892461,4.121498218,20000,0.544061524,0.388760758,0.685770557,0.267832482,1100,0.272251122,6.123517396,0.672544465,0.108669451,500,0.104663279,0.788997213,44.0448487,0.055315003,0.205012785,0.605274547,0.105177327,0.289550217,0.605826199,0.474387253,0.527171039,0.183881563,8.573134052,9.568243972,8.345957584,8.683570288,10.14564026,9.985444853,E5045,E09000025,Newham,L,20246,97105,117351,7134,31157,38291,79060
64,North East Lincolnshire,Yorkshire and the Humber,4100,3700,425,0%,2,90%,75,275,75,3200,475,0.526502633,0.382798558,0.090698809,0.079021575,0.196084667,6.497236783,6.029229693,23000,0.34549187,0.366197886,0.752102638,0.228653754,800,0.311660638,9.015698604,0.719588382,0.036108108,125,0.055513416,0.914556764,42.84203858,0.092971047,0.22835448,0.971349094,0.013600735,0.015047447,0.925473709,0.668326799,0.57061915,0.102724779,8.385828591,8.783693196,7.955241354,7.992481685,8.345605023,9.278567484,E2003,E06000012,North East Lincolnshire UA,UA,82,56628,56710,8219,4395,12614,44096
65,North Lincolnshire,Yorkshire and the Humber,4000,3600,450,13%,519,76%,74,325,125,3000,600,0.561614852,0.35347549,0.084906852,0.159919409,0.196084667,6.196790764,6.029229693,21500,0.31151254,0.366197886,0.615688321,0.298079743,1000,0.311660638,9.061172892,0.756279341,0.042582945,150,0.055513416,0.868834656,42.62609894,0.127292931,0.252060376,0.962409538,0.02381253,0.013777931,0.925473709,0.598312975,0.57061915,0.086969332,8.284867626,8.783693196,7.753601273,7.992481685,9.302434055,9.278567484,E2004,E06000013,North Lincolnshire UA,UA,14051.17131,43752.94184,57804.11315,8916.7158,9977.32638,18894.04218,38910.07097
66,North Somerset,South West,6700,6300,375,4%,294,90%,139,550,400,4700,1000,0.50903768,0.440749994,0.050212325,0.147742638,0.18549455,4.012347927,5.168787304,24000,0.438726481,0.399634242,0.730807596,0.39030042,2300,0.33125035,9.036981972,0.721304415,0.045532246,275,0.074857429,0.837730257,43.92835089,0.114628755,0.267400068,0.838129257,0.092020305,0.069850438,0.84586414,0.601836986,0.527590602,0.089909718,8.588813245,8.98543731,8.00117035,8.153112596,9.51885942,8.978998695,E0104,E06000024,North Somerset UA,UA,9772.01629,80630.12519,90402.14148,15289.32538,11433.50652,26722.8319,63679.30958
67,North Tyneside,North East,6100,5700,400,8%,497,85%,76,425,250,4800,700,0.491446071,0.310348412,0.198205516,0.253856713,0.265734674,5.740694341,5.783992399,30000,0.38923774,0.327421339,0.610427529,0.324166502,1700,0.270785038,9.477629745,0.762208004,0.065566065,375,0.071449654,0.817073321,44.11867486,0.091295944,0.266252817,0.950658747,0.015444471,0.033896782,0.958808622,0.641746415,0.611708381,0.075331664,8.738859607,8.558657559,7.814976038,7.887192607,9.996640907,9.235702254,E4503,E08000022,North Tyneside,MD,18752,84419,103171,11602,38278,49880,53291
68,Northumberland,North East,9400,8500,850,6%,536,85%,152,600,325,7300,1100,0.533441976,0.35650982,0.110049386,0.336264641,0.265734674,7.920491887,5.783992399,61000,0.32156502,0.327421339,0.791115962,0.270133247,2100,0.270785038,8.921103048,0.784054571,0.108709779,950,0.071449654,0.816209862,46.14244948,0.082101837,0.33865234,0.956933906,0.023911285,0.019155992,0.958808622,0.686597665,0.611708381,0.110753042,8.720118018,8.558657559,7.904103649,7.887192607,8.150020708,9.235702254,E2901,E06000057,Northumberland UA,UA,27922,101578,129500,24379,23941,48320,81180
69,Nottingham,East Midlands,11000,9300,1700,10%,1131,75%,148,800,350,9000,850,0.519684368,0.366764433,0.113551199,0.246400162,0.234626854,4.610061669,5.712761409,40000,0.476066731,0.389672769,0.5168248,0.427814404,3700,0.330925924,7.462443332,0.730646621,0.052422334,475,0.079713595,0.803594762,42.60217448,0.098432637,0.21435961,0.883314939,0.048173138,0.068511923,0.889602587,0.50452045,0.512233396,0.199544499,9.138108356,8.713392369,8.227863326,8.06466467,9.245562312,9.356293948,E3001,E06000018,Nottingham UA,UA,26446,126213,152659,18110,29377,47487,105172
70,Oldham,North West,6100,5100,950,4%,225,81%,75,425,250,4700,650,0.506459767,0.463585,0.029955233,0.191306161,0.214671787,5.750643511,5.507111486,28000,0.204585628,0.341105224,0.46787657,0.160156886,800,0.301673567,8.636916073,0.721053832,0.060286016,325,0.070555475,0.838317752,43.71854554,0.090688152,0.248883744,0.928534259,0.017156533,0.054309207,0.927907989,0.671211599,0.574447303,0.094677635,8.449282722,8.625317525,7.89213953,7.96388592,8.377318317,8.843358886,E4204,E08000004,Oldham,MD,8070,76895,84965,13012,19361,32373,52592
71,Peterborough,Eastern,6200,5800,400,3%,184,90%,87,450,250,4900,600,0.513608412,0.37507702,0.111314569,0.259150813,0.261152713,2.333427605,4.934628776,12000,0.43070586,0.389379679,0.473575504,0.447461123,2300,0.339015306,5.839064759,0.61271264,0.089516186,500,0.096876067,0.811028706,41.73241737,0.107718289,0.195106838,0.800508894,0.12073571,0.07875366,0.816081532,0.457751527,0.476663883,0.195004435,8.98625228,8.964711058,8.013312161,8.184630706,8.185135737,8.946562533,E0501,E06000031,Peterborough UA,UA,12142,59736,71878,8098,15712,23810,48068
72,Plymouth,South West,6900,6600,350,2%,154,93%,140,600,200,5300,850,0.462335886,0.38614264,0.151521474,0.113759132,0.18549455,3.475832067,5.168787304,21500,0.454908468,0.399634242,0.714392971,0.374971769,2300,0.33125035,8.792843186,0.720533388,0.112634938,800,0.074857429,0.836648478,42.29217386,0.119457901,0.222925135,0.928034381,0.04058736,0.031378258,0.84586414,0.566002622,0.527590602,0.160418377,8.348928857,8.98543731,8.24238635,8.153112596,8.322967058,8.978998695,E1101,E06000026,Plymouth UA,UA,4559,95175,99734,11310,14835,26145,73589
73,Poole,South West,4800,4500,350,8%,377,85%,76,400,225,3600,600,0.53537226,0.374446494,0.090181246,0.184652305,0.18549455,4.338199722,5.168787304,18500,0.474563142,0.399634242,0.688017531,0.326972337,1400,0.33125035,7.99500315,0.745244494,0.091925972,425,0.074857429,0.80899569,42.47717992,0.094029161,0.215000521,0.801497015,0.123409733,0.075093252,0.84586414,0.435392202,0.527590602,0.130563953,8.946055936,8.98543731,8.216500899,8.153112596,9.377868997,8.978998695,E1201,E06000029,Poole UA,UA,11878,45960,57838,8892,6393,15285,42553
74,Portsmouth,South East,4500,4200,325,18%,826,75%,80,375,225,3300,650,0.518140241,0.375610983,0.106251194,0.310779664,0.225662962,6.055835287,4.800241288,23000,0.421635679,0.380447713,0.799125941,0.336359536,1300,0.302660805,7.900382855,0.650852655,0.067967776,275,0.086517489,0.841822803,42.56868526,0.100424937,0.222730384,0.88785483,0.048114387,0.064033202,0.771298639,0.546013887,0.493063744,0.081279793,8.719023458,9.219536233,8.134414618,8.374979322,9.985034408,9.687891049,E1701,E06000044,Portsmouth UA,UA,19041,55932,74973,10648,12498,23146,51827
75,Reading,South East,4100,3900,200,8%,339,87%,81,400,175,3100,375,0.507030257,0.458055788,0.034913955,0.421770591,0.225662962,3.158478278,4.800241288,10000,0.439651208,0.380447713,0.656263679,0.250010032,800,0.302660805,9.0587393,0.761134756,0.158410312,600,0.086517489,0.821055435,43.3943932,0.078340163,0.21324146,0.713766224,0.06882321,0.217407929,0.771298639,0.497961595,0.493063744,0.145541615,9.254044617,9.219536233,8.671411243,8.374979322,10.53799489,9.687891049,E0303,E06000038,Reading UA,UA,10896.54247,46352.21577,57248.75824,7232.165932,9256.38864,16488.55457,40760.20366
76,Redbridge,London,8800,7700,1000,5%,409,83%,136,650,350,7100,700,0.466539044,0.463535219,0.069924446,0.544221542,0.390614868,4.379406417,4.121498218,28000,0.434244655,0.388760758,0.762896632,0.376343778,2400,0.272251122,6.938609411,0.671875706,0.133143024,950,0.104663279,0.812608835,44.08309764,0.064548026,0.212330527,0.521410804,0.130655407,0.347932498,0.605826199,0.680701297,0.527171039,0.203528171,8.943829787,9.568243972,8.072563817,8.683570288,9.547201653,9.985444853,E5046,E09000026,Redbridge,L,14999.4,78255,93254.4,15497.8,10005.2,25503,67751.4
77,Redcar & Cleveland,North East,4100,3400,700,8%,320,75%,73,250,200,3200,475,0.356043658,0.384799016,0.259157326,0.265936278,0.265734674,5.243877033,5.783992399,15500,0.359656462,0.327421339,0.83554785,0.339542823,1000,0.270785038,8.714106579,0.758462652,0.0546333,175,0.071449654,0.899301794,42.09105814,0.128676471,0.21218151,0.971497786,0.007397094,0.021105119,0.958808622,0.697022324,0.611708381,0.187205647,8.462253792,8.558657559,7.698622881,7.887192607,10.43606904,9.235702254,E0703,E06000003,Redcar & Cleveland UA,UA,10621,54451,65072,7495,16417,23912,41160
78,Richmond upon Thames,London,4000,3500,500,8%,300,80%,65,300,175,3100,400,0.471755153,0.451044527,0.07720032,0.349488133,0.390614868,3.633286921,4.121498218,11500,0.458966429,0.388760758,0.654405064,0.247070864,750,0.272251122,7.960292344,0.744523718,0.12552043,450,0.104663279,0.806629052,45.17022412,0.067322808,0.263392449,0.589657074,0.213530038,0.196812888,0.605826199,0.296738268,0.527171039,0.084299505,9.685064781,9.568243972,9.065832696,8.683570288,10.90695849,9.985444853,E5047,E09000027,Richmond upon Thames,L,15199,69289,84488,8028,8643,16671,67817
79,Rochdale,North West,5300,4700,600,6%,338,83%,91,425,200,4100,550,0.535310392,0.362090873,0.102598735,0.177983762,0.214671787,5.495494897,5.507111486,25000,0.418996663,0.341105224,0.718182719,0.33021782,1500,0.301673567,9.167652457,0.78819454,0.036396433,175,0.070555475,0.841549422,43.43276012,0.089167827,0.238003527,0.937559132,0.018041329,0.044401646,0.927907989,0.635877845,0.574447303,0.090387861,8.28422064,8.625317525,7.934339655,7.96388592,8.110423962,8.843358886,E4205,E08000005,Rochdale,MD,9033,68784,77817,11540,13154,24694,53123
80,Rotherham,Yorkshire and the Humber,7600,6900,750,11%,841,79%,131,500,300,6000,750,0.568554126,0.370234674,0.0612112,0.269266348,0.196084667,3.486956131,6.029229693,23500,0.364005962,0.366197886,0.710051672,0.271680985,1800,0.311660638,8.795471729,0.766228223,0.035893577,250,0.055513416,0.869390467,43.59699931,0.104696238,0.250539375,0.968952994,0.012084033,0.018962973,0.925473709,0.561063337,0.57061915,0.143472947,8.641208961,8.783693196,8.021329358,7.992481685,9.580230465,9.278567484,E4403,E08000018,Rotherham,MD,23591,80659,104250,15745,10590,26335,77915
81,Rutland,East Midlands,1200,1100,100,8%,99,84%,23,100,25,900,125,0.557236567,0.391951617,0.050802512,0.086327053,0.234626854,2.027853307,5.712761409,2100,0.502012855,0.389672769,0.555831589,0.303455962,325,0.330925924,9.575017446,0.703093743,0.109969985,125,0.079713595,0.876957432,41.97074669,0.090216329,0.206057223,0.897362177,0.051165387,0.051463131,0.889602587,0.403228658,0.512233396,0.14605257,9.737764903,8.713392369,8.579695646,8.06466467,8.667294118,9.356293948,E2402,E06000017,Rutland UA,UA,4075,9454,13529,1373,1386,2759,10770
82,Salford,North West,5500,4900,600,2%,115,87%,75,400,175,4400,500,0.574112761,0.306184973,0.11970021,0.273261504,0.214671787,3.198918655,5.507111486,14500,0.266782557,0.341105224,0.623162808,0.242242977,1100,0.301673567,8.273092898,0.730190813,0.040366111,200,0.070555475,0.881171608,44.40901633,0.068242382,0.278200436,0.88927088,0.042523749,0.068205371,0.927907989,0.536554674,0.574447303,0.059840852,8.377500895,8.625317525,7.80556098,7.96388592,9.032336383,8.843358886,E4206,E08000006,Salford,MD,17199,73052,90251,14876,25411,40287,49964
83,Sandwell,West Midlands,10500,9200,1200,7%,696,82%,169,800,350,8300,900,0.599139109,0.296165928,0.104694963,0.213051402,0.228483853,7.277260511,4.929270438,62000,0.274966581,0.356604118,0.785630817,0.212292207,1800,0.295452131,8.90350907,0.730603337,0.048169629,425,0.066944312,0.812316693,42.80383067,0.075342804,0.20833219,0.853941436,0.02686692,0.119192742,0.871078776,0.512070144,0.572395799,0.105468514,8.369937521,8.844568308,7.70990135,8.011474827,9.99456025,9.473416934,E4604,E08000028,Sandwell,MD,25735,90881,116616,17090,8526,25616,91000
84,Sefton,North West,9900,8900,1100,4%,352,86%,172,800,475,7400,1200,0.538182835,0.349102781,0.112715512,0.209802113,0.214671787,5.436774776,5.507111486,45000,0.376824895,0.341105224,0.795766757,0.286642001,2400,0.301673567,9.200427473,0.727615734,0.081413949,750,0.070555475,0.806640709,44.11446283,0.097961388,0.279966497,0.932204078,0.046147221,0.021648701,0.927907989,0.539799385,0.574447303,0.091711627,8.378727449,8.625317525,7.798044837,7.96388592,8.26443738,8.843358886,E4304,E08000014,Sefton,MD,11861,115343,127204,18397,14341,32738,94466
85,Sheffield,Yorkshire and the Humber,15500,14000,1500,8%,1180,82%,213,1100,750,11500,1900,0.485278994,0.414309559,0.100410723,0.285574407,0.196084667,4.975036835,6.029229693,65000,0.434166739,0.366197886,0.67064706,0.356540791,4700,0.311660638,8.730949446,0.705123271,0.039879952,550,0.055513416,0.811641565,42.15465917,0.110074701,0.212939469,0.902005634,0.029702202,0.068292163,0.925473709,0.494561747,0.57061915,0.099841784,8.519419593,8.783693196,8.095195393,7.992481685,9.591565278,9.278567484,E4404,E08000019,Sheffield,MD,34501,163072,197573,26036,33060,59096,138477
86,Shropshire,West Midlands,10000,9400,700,5%,546,87%,195,800,550,7400,1400,0.481825691,0.455741971,0.062432339,0.200302826,0.228483853,4.396443833,4.929270438,40000,0.338436452,0.356604118,0.633359382,0.298860585,2700,0.295452131,9.643764241,0.74467961,0.05620221,550,0.066944312,0.826569768,42.85357172,0.121241585,0.252062045,0.924506715,0.04152189,0.033972455,0.871078776,0.577723655,0.572395799,0.135431765,8.588973348,8.844568308,7.908449131,8.011474827,8.753080921,9.473416934,E3202,E06000051,Shropshire UA,UA,14235.99927,114895.739,129131.7383,18047.78321,15262.25576,33310.03897,95821.69931
87,Slough,South East,2700,2500,275,10%,259,80%,48,275,125,2100,250,0.564389247,0.305138712,0.130476102,0.298165529,0.225662962,8.599102015,4.800241288,20500,0.383207352,0.380447713,0.736001852,0.165643682,400,0.302660805,8.885208485,0.798654911,0.185741769,550,0.086517489,0.823834723,45.2553436,0.052260294,0.239504689,0.630088251,0.183276543,0.186635205,0.771298639,0.526509875,0.493063744,0.16637764,9.234533703,9.219536233,8.513142362,8.374979322,9.01607488,9.687891049,E0304,E06000039,Slough UA,UA,8393.231666,38925.47201,47318.70368,3431.322724,6511.189726,9942.51245,37376.19123
88,Solihull,West Midlands,6000,5400,650,11%,674,78%,106,500,300,4500,700,0.47068601,0.445589779,0.08372235,0.207282616,0.228483853,7.391422509,4.929270438,36000,0.237563437,0.356604118,0.620302949,0.203005255,1000,0.295452131,7.873686836,0.728261598,0.06159937,325,0.066944312,0.842848421,42.83574561,0.100167147,0.23615175,0.888864071,0.043774616,0.067361313,0.871078776,0.608139197,0.572395799,0.121483028,8.713006863,8.844568308,8.205278436,8.011474827,9.63533363,9.473416934,E4605,E08000029,Solihull,MD,21367,65400.33219,86767.33219,2179.42619,26481.31705,28660.74324,58106.58895
89,South Gloucestershire,South West,7000,6100,850,8%,575,79%,126,650,300,5200,800,0.459896971,0.415904624,0.124200039,0.174255507,0.18549455,5.055363262,5.168787304,29000,0.416293748,0.399634242,0.704454295,0.276120232,1600,0.33125035,9.101040583,0.740478482,0.104439978,650,0.074857429,0.816366343,42.37694282,0.119976604,0.230622438,0.864145894,0.080233833,0.055620273,0.84586414,0.533263841,0.527590602,0.108864966,9.293467764,8.98543731,8.227062272,8.153112596,9.525136399,8.978998695,E0103,E06000025,South Gloucestershire UA,UA,13084,104293,117377,15603,14592,30195,87182
90,South Tyneside,North East,4500,3600,900,8%,354,72%,50,225,175,3700,425,0.537641376,0.367967267,0.094394187,0.40783416,0.265734674,4.332600146,5.783992399,14000,0.290445513,0.327421339,0.607117693,0.19557647,650,0.270785038,6.326920411,0.722711594,0.069838711,250,0.071449654,0.862940399,43.36183542,0.096157057,0.240879341,0.979552972,0.010503649,0.009946208,0.958808622,0.648201335,0.611708381,0.210729455,8.734999437,8.558657559,7.850895133,7.887192607,9.042542108,9.235702254,E4504,E08000023,South Tyneside,MD,10595,72721,83316,10862,25192,36054,47262
91,Southampton,South East,5700,5200,500,7%,423,84%,98,475,200,4400,600,0.457222749,0.351234457,0.191542795,0.31179889,0.225662962,7.083671788,4.800241288,36000,0.465754987,0.380447713,0.661362989,0.342357687,1700,0.302660805,7.75913901,0.789025243,0.078114886,425,0.086517489,0.826451342,41.82912353,0.103316107,0.190201858,0.801140184,0.082789304,0.116070512,0.771298639,0.458367971,0.493063744,0.193116264,9.255085735,9.219536233,8.495767379,8.374979322,8.697288788,9.687891049,E1702,E06000045,Southampton UA,UA,14537,78685,93222,12017,14965,26982,66240
92,Southend on Sea,Eastern,6500,5800,750,4%,239,85%,149,500,175,5100,700,0.554263804,0.268459147,0.177277048,0.362563502,0.261152713,6.273812518,4.934628776,33000,0.417205678,0.389379679,0.637295921,0.361879324,1900,0.339015306,8.135014172,0.746582648,0.079326732,450,0.096876067,0.834918052,43.76247142,0.095243032,0.251568757,0.824908932,0.055772377,0.119318691,0.816081532,0.519609686,0.476663883,0.108905411,8.824806138,8.964711058,7.823391621,8.184630706,8.41302358,8.946562533,E1501,E06000033,Southend on Sea UA,UA,10984,58187,69171,10485,19174,29659,39512
93,Southwark,London,6200,5500,650,6%,366,83%,48,500,250,4900,500,0.51882267,0.403384418,0.077792912,0.50916914,0.390614868,2.231951903,4.121498218,10500,0.304197779,0.388760758,0.715764787,0.254226663,1200,0.272251122,7.299775394,0.828462669,0.05377254,275,0.104663279,0.803465601,45.60857651,0.042543365,0.23836516,0.654280586,0.071449834,0.274271385,0.605826199,0.465012944,0.527171039,0.311812089,10.13463761,9.568243972,8.917178501,8.683570288,10.28168809,9.985444853,E5019,E09000028,Southwark,L,17211,97336,114547,8972,27305,36277,78270
94,St Helens,North West,5300,4300,1000,12%,642,68%,71,375,175,4100,650,0.504020685,0.396779688,0.099199627,0.137566698,0.214671787,3.850243833,5.507111486,15500,0.344751457,0.341105224,0.66268833,0.234096886,950,0.301673567,10.13469646,0.847766861,0.05329918,225,0.070555475,0.841280596,45.1585853,0.079867875,0.279833997,0.986060529,0.007335573,0.006606251,0.927907989,0.612125105,0.574447303,0.099768969,8.919890475,8.625317525,8.152053449,7.96388592,8.159262673,8.843358886,E4303,E08000013,St Helens,MD,22326,61252,83578,14815,17631,32446,51132
95,Stockport,North West,7000,6100,850,9%,642,79%,107,500,375,5300,750,0.452647147,0.490976376,0.056376477,0.264058285,0.214671787,6.103603823,5.507111486,35000,0.324756531,0.341105224,0.65329574,0.359720994,2100,0.301673567,8.463482011,0.739863896,0.077937229,475,0.070555475,0.801064918,43.29690819,0.091783615,0.236467821,0.890077922,0.041560794,0.068362913,0.927907989,0.542709107,0.574447303,0.114676583,8.700586265,8.625317525,8.171447854,7.96388592,9.346255975,8.843358886,E4207,E08000007,Stockport,MD,28038,102361,130399,16772,31862,48634,81765
96,Stockton on Tees,North East,5900,5000,900,10%,619,74%,77,350,250,4600,750,0.558056994,0.398917776,0.043027212,0.230138084,0.265734674,4.83352381,5.783992399,23500,0.298351251,0.327421339,0.780136894,0.196497574,950,0.270785038,8.487639095,0.76024127,0.049451405,250,0.071449654,0.846279832,42.93204278,0.093904412,0.238666196,0.956703124,0.011793818,0.031503058,0.958808622,0.596020082,0.611708381,0.078993599,8.415563552,8.558657559,7.901587427,7.887192607,9.226838855,9.235702254,E0704,E06000004,Stockton on Tees UA,UA,14864,69902,84766,13786,19841,33627,51139
97,Stoke on Trent,West Midlands,8800,7500,1200,9%,830,77%,141,900,300,6700,900,0.604193997,0.349410985,0.046393692,0.203475783,0.228483853,7.384032278,4.929270438,53000,0.366085863,0.356604118,0.782929835,0.258336903,1900,0.295452131,7.855148744,0.686807129,0.048096944,375,0.066944312,0.845366726,42.42423243,0.111492745,0.226165772,0.94202743,0.015338236,0.042634334,0.871078776,0.528125621,0.572395799,0.136749487,8.635064039,8.844568308,7.860780263,8.011474827,9.902756091,9.473416934,E3401,E06000021,Stoke on Trent UA,UA,22901,92624,115525,15054,15340,30394,85131
98,Sunderland,North East,6800,6300,450,4%,278,89%,134,475,300,5200,800,0.597948266,0.30034596,0.101705774,0.266699768,0.265734674,4.785293957,5.783992399,28000,0.267551405,0.327421339,0.813783935,0.247260793,1400,0.270785038,9.263020742,0.742110995,0.041303708,250,0.071449654,0.817227517,43.32117242,0.09171138,0.235252663,0.977523825,0.009670858,0.012805318,0.958808622,0.644337311,0.611708381,0.071703372,8.187990464,8.558657559,7.676122042,7.887192607,8.353110945,9.235702254,E4505,E08000024,Sunderland,MD,13149,97376,110525,19307,14002,33309,77216
99,Sutton,London,5600,5000,600,5%,275,84%,126,475,300,4400,475,0.535914775,0.292064372,0.172020853,0.37207788,0.390614868,1.469925935,4.121498218,7000,0.337398477,0.388760758,0.668546665,0.236451626,1100,0.272251122,8.268507434,0.688053079,0.047876624,250,0.104663279,0.807473751,45.4080331,0.06879823,0.27079053,0.671031984,0.143171744,0.185796273,0.605826199,0.572638442,0.527171039,0.246145633,9.391840727,9.568243972,8.866902751,8.683570288,9.421826244,9.985444853,E5048,E09000029,Sutton,L,11241,56519,67760,7943,3084,11027,56733
100,Swindon,South West,5000,4400,600,7%,374,81%,92,375,225,3800,550,0.444723681,0.342208026,0.213068293,0.323517744,0.18549455,4.649307,5.168787304,18500,0.434251603,0.399634242,0.680279471,0.304850126,1200,0.33125035,7.535788071,0.727024666,0.069530605,300,0.074857429,0.883831794,41.5951081,0.088390746,0.19838389,0.781467477,0.111946784,0.106585739,0.84586414,0.42872768,0.527590602,0.133771603,8.853616717,8.98543731,8.450640728,8.153112596,9.146487417,8.978998695,E3901,E06000030,Swindon UA,UA,14720,73735,88455,9064,13526,22590,65865
101,Tameside,North West,4500,4000,400,14%,621,77%,64,425,175,3300,600,0.587732744,0.391331005,0.020936251,0.257564641,0.214671787,2.902374763,5.507111486,10500,0.266792465,0.341105224,0.618777797,0.253347073,950,0.301673567,9.14354097,0.702914793,0.059498633,225,0.070555475,0.862944443,43.10308315,0.095135312,0.226956806,0.907879991,0.037922456,0.054197553,0.927907989,0.606560796,0.574447303,0.094137749,8.920838283,8.625317525,7.892420845,7.96388592,10.57168076,8.843358886,E4208,E08000008,Tameside,MD,24058,69716,93774,14902,19734,34636,59138
102,Thurrock,Eastern,3200,2800,425,14%,436,73%,65,275,75,2600,300,0.551229166,0.392274321,0.056496513,0.34757027,0.261152713,3.953229695,4.934628776,9500,0.436157764,0.389379679,0.691708326,0.411925158,1000,0.339015306,7.247012802,0.73544951,0.061603392,150,0.096876067,0.882256592,43.17585654,0.077739997,0.201647889,0.806435223,0.040500833,0.153067497,0.816081532,0.489339174,0.476663883,0.063574121,8.346153846,8.964711058,8.035390001,8.184630706,9.964858569,8.946562533,E1502,E06000034,Thurrock UA,UA,13058,54631,67689,5490,24601,30091,37598
103,Torbay,South West,5000,4700,300,0%,18,93%,119,375,150,3700,700,0.4919134,0.322182781,0.185903819,0.305091039,0.18549455,4.514844285,5.168787304,20000,0.371549922,0.399634242,0.605308227,0.243121036,1100,0.33125035,9.19601207,0.695314579,0.034459363,150,0.074857429,0.823034793,42.96245783,0.111946192,0.2517169,0.89150907,0.07110328,0.03738765,0.84586414,0.467576338,0.527590602,0.095689293,8.635896446,8.98543731,7.879585914,8.153112596,8.18840135,8.978998695,E1102,E06000027,Torbay UA,UA,623,45716,46339,0,8462,8462,37877
104,Tower Hamlets,London,8300,7400,950,5%,405,84%,59,700,225,6800,600,0.454693112,0.295442806,0.249865439,0.537878552,0.390614868,2.825138909,4.121498218,19500,0.363248401,0.388760758,0.61634451,0.213937161,1500,0.272251122,7.146659147,0.870555234,0.076075205,550,0.104663279,0.729029083,43.68099097,0.043528779,0.163095307,0.717065651,0.042587865,0.240346484,0.605826199,0.561657635,0.527171039,0.216787038,9.308220575,9.568243972,9.26726117,8.683570288,10.60353146,9.985444853,E5020,E09000030,Tower Hamlets,L,19072,101476,120548,5013.88252,12614.38057,17628.26309,102919.7369
105,Trafford,North West,5400,5200,225,7%,383,89%,100,400,275,4100,650,0.572028411,0.31621279,0.11175686,0.352327799,0.214671787,4.606940601,5.507111486,22000,0.444442798,0.341105224,0.62539837,0.445217645,2100,0.301673567,7.625462342,0.739274055,0.078184827,400,0.070555475,0.812486915,42.40447066,0.095184278,0.199386646,0.839533432,0.058553616,0.101912952,0.927907989,0.543469832,0.574447303,0.171799276,8.780963489,8.625317525,7.964388987,7.96388592,9.552708782,8.843358886,E4209,E08000009,Trafford,MD,11930,66828,78758,10576,16990,27566,51192
106,Wakefield,Yorkshire and the Humber,8400,7600,800,11%,928,79%,147,800,350,6500,850,0.586843911,0.350242776,0.062913313,0.163343449,0.196084667,6.693187082,6.029229693,48000,0.360547701,0.366197886,0.725856973,0.327041252,2300,0.311660638,6.802549149,0.651579364,0.077474017,600,0.055513416,0.830804856,42.99301227,0.097130228,0.238357303,0.926759467,0.042933105,0.030307428,0.925473709,0.506198707,0.57061915,0.105352949,8.508911014,8.783693196,7.766219485,7.992481685,9.080629142,9.278567484,E4705,E08000036,Wakefield,MD,25825,97319,123144,618,44267,44885,78259
107,Walsall,West Midlands,6600,5800,850,8%,546,79%,107,450,275,5100,700,0.54027457,0.398814246,0.060912939,0.159516923,0.228483853,3.936971514,4.929270438,21000,0.217968516,0.356604118,0.80110537,0.166493628,900,0.295452131,8.578585169,0.755732198,0.09699823,550,0.066944312,0.87239278,42.96189826,0.092855989,0.215734936,0.908646387,0.01667357,0.074678288,0.871078776,0.592608519,0.572395799,0.100776813,8.378748538,8.844568308,7.594381712,8.011474827,9.901781079,9.473416934,E4606,E08000030,Walsall,MD,17677,82507,100184,11608,13520,25128,75056
108,Waltham Forest,London,5700,4500,1200,7%,425,71%,98,400,175,4700,425,0.543893576,0.342968673,0.113137752,0.21309373,0.390614868,3.492742058,4.121498218,14500,0.318544204,0.388760758,0.612917644,0.235375906,950,0.272251122,6.986795767,0.671360806,0.07467332,325,0.104663279,0.824627838,44.75509393,0.064037948,0.211952762,0.660514873,0.092274659,0.247212714,0.605826199,0.632646507,0.527171039,0.106123494,9.823538961,9.568243972,8.326841524,8.683570288,9.581020133,9.985444853,E5049,E09000031,Waltham Forest,L,14009,73353,87362,7950,8304,16254,71108
109,Wandsworth,London,6600,5800,850,6%,402,81%,63,475,375,5100,700,0.614009923,0.312184271,0.073805807,0.29211651,0.390614868,9.290833076,4.121498218,47000,0.536812381,0.388760758,0.803721114,0.339532424,1700,0.272251122,8.331253506,0.784266361,0.044716338,225,0.104663279,0.795258827,44.93781182,0.104633333,0.274879352,0.620310185,0.130030616,0.249659199,0.605826199,0.462522293,0.527171039,0.187998937,9.831985043,9.568243972,8.93485792,8.683570288,10.23951144,9.985444853,E5021,E09000032,Wandsworth,L,16255,104066,120321,48,26857,26905,93416
110,Warrington,North West,5900,5600,375,8%,470,86%,84,450,350,4400,700,0.523498929,0.377825667,0.098675404,0.18804885,0.214671787,7.52354177,5.507111486,39000,0.265277513,0.341105224,0.586755475,0.28757019,1500,0.301673567,8.265330108,0.735165135,0.054814205,300,0.070555475,0.803291573,43.12729364,0.093638638,0.242667351,0.92994642,0.030374913,0.039676872,0.927907989,0.489983887,0.574447303,0.094699104,8.657019454,8.625317525,7.829017249,7.96388592,10.27491103,8.843358886,E0602,E06000007,Warrington UA,UA,15251.786,81696.126,96947.912,14579,19635.694,34214.694,62733.218
111,West Berkshire,South East,3400,3200,200,15%,497,79%,76,325,175,2500,325,0.566188574,0.208803196,0.22500823,0.252267285,0.225662962,5.411064199,4.800241288,16000,0.43949066,0.380447713,0.53867455,0.349689575,1000,0.302660805,7.056848329,0.705617702,0.135079412,475,0.086517489,0.816829223,41.85188903,0.126622601,0.216116601,0.795999251,0.124147146,0.079850375,0.771298639,0.475613377,0.493063744,0.213886432,9.456572077,9.219536233,8.391031769,8.374979322,10.81133227,9.687891049,E0302,E06000037,West Berkshire UA,UA,14650,50164,64814,8699,12793,21492,43322
112,Westminster,London,6500,5800,750,5%,303,84%,37,650,150,5200,550,0.544991716,0.348906672,0.106101613,0.308915756,0.390614868,3.795352407,4.121498218,21000,0.487093796,0.388760758,0.769644894,0.249581362,1400,0.272251122,7.248190404,0.608490607,0.078565482,475,0.104663279,0.7707753,44.00792145,0.059536447,0.218417879,0.657020648,0.130196298,0.212783053,0.605826199,0.518880537,0.527171039,0.218896194,10.38194276,9.568243972,9.568624568,8.683570288,10.48359597,9.985444853,E5022,E09000033,Westminster,L,11885,103554,115439,7432,36741,44173,71266
113,Wigan,North West,8000,6500,1400,14%,1126,68%,85,800,375,6000,850,0.509042632,0.433581938,0.05737543,0.180679841,0.214671787,5.519368565,5.507111486,34000,0.37632678,0.341105224,0.695478838,0.260790377,1600,0.301673567,8.162387835,0.71089189,0.074831079,500,0.070555475,0.854859663,43.52103519,0.087646108,0.24080154,0.955374665,0.017667152,0.026958183,0.927907989,0.638506091,0.574447303,0.177097348,8.279298504,8.625317525,7.958445623,7.96388592,8.184722841,8.843358886,E4210,E08000010,Wigan,MD,26687,94487,121174,17508,24337,41845,79329
114,Wiltshire,South West,14000,13000,850,4%,613,89%,290,1100,700,10000,2000,0.402249965,0.365491223,0.232258812,0.195559917,0.18549455,4.865174045,5.168787304,60000,0.382803819,0.399634242,0.567909068,0.333600725,4100,0.33125035,8.08711288,0.693999658,0.083819791,1100,0.074857429,0.863808966,43.24106256,0.114938207,0.252734386,0.83326901,0.082035803,0.084695187,0.84586414,0.525408786,0.527590602,0.104612951,9.022456744,8.98543731,8.247040083,8.153112596,8.85236275,8.978998695,E3902,E06000054,Wiltshire UA,UA,21928,163590,185518,21122,4382,25504,160014
115,Windsor & Maidenhead,South East,3300,3100,175,0%,7,94%,61,250,175,2400,425,0.525230003,0.372337641,0.102432356,0.181416887,0.225662962,3.556659363,4.800241288,11000,0.303933719,0.380447713,0.682601235,0.191236297,600,0.302660805,10.01797688,0.742584496,0.092877057,300,0.086517489,0.827001192,43.94011368,0.077039163,0.223407109,0.653963607,0.153541895,0.192494498,0.771298639,0.590651892,0.493063744,0.216317179,9.026969381,9.219536233,8.489184313,8.374979322,8.969190901,9.687891049,E0305,E06000040,Windsor & Maidenhead UA,UA,652,55613,56265,7073,12070,19143,37122
116,Wirral,North West,9100,8100,950,2%,158,88%,164,700,475,6900,1100,0.597434043,0.314160598,0.088405359,0.252424415,0.214671787,4.727596517,5.507111486,36000,0.279833284,0.341105224,0.71185682,0.242359283,1800,0.301673567,9.72355771,0.752611334,0.04647127,375,0.070555475,0.78499138,43.06772374,0.097081111,0.24024147,0.949983153,0.018883749,0.031133099,0.927907989,0.588423805,0.574447303,0.202674419,8.61539296,8.625317525,7.963559829,7.96388592,8.529114665,8.843358886,E4305,E08000015,Wirral,MD,10117,130794,140911,19398,38588,57986,82925
117,Wokingham,South East,4000,3700,325,3%,108,89%,82,375,175,3000,450,0.534289861,0.37216846,0.093541679,0.204507178,0.225662962,4.437907911,4.800241288,15500,0.423277274,0.380447713,0.696654952,0.275670788,950,0.302660805,7.785057484,0.671051278,0.056566796,200,0.086517489,0.771183412,43.41498205,0.089084864,0.225957295,0.668148662,0.124371145,0.207480193,0.771298639,0.401346251,0.493063744,0.155019197,9.454504348,9.219536233,8.598748332,8.374979322,9.127074689,9.687891049,E0306,E06000041,Wokingham UA,UA,5128.291668,54176.32112,59304.61279,6206,5343.327778,11549.32778,47755.28501
118,Wolverhampton,West Midlands,7500,7000,550,8%,566,85%,139,550,300,5700,1000,0.493193019,0.414394445,0.092412536,0.248148866,0.228483853,3.551035386,4.929270438,24000,0.370190954,0.356604118,0.619174898,0.227812992,1500,0.295452131,8.525425212,0.769602801,0.049658611,350,0.066944312,0.875679514,43.087513,0.078956392,0.21016205,0.87654034,0.015034325,0.108425334,0.871078776,0.62910883,0.572395799,0.139059261,8.792752409,8.844568308,8.0362622,8.011474827,10.25063449,9.473416934,E4607,E08000031,Wolverhampton,MD,21077,117263,138340,129,67892,68021,70319
119,York,Yorkshire and the Humber,5100,4800,325,9%,456,85%,72,375,300,3900,600,0.44081782,0.472118248,0.087063932,0.187993878,0.196084667,6.021728602,6.029229693,27000,0.436672244,0.366197886,0.732174644,0.363349771,1700,0.311660638,7.686991566,0.717840745,0.045936767,225,0.055513416,0.825165111,43.20831254,0.114662874,0.259126865,0.898109331,0.045688393,0.056202276,0.925473709,0.565214769,0.57061915,0.086591888,9.502200089,8.783693196,8.354132941,7.992481685,8.481189609,9.278567484,E2701,E06000014,York UA,UA,14771,62169,76940,23916,256,24172,52768
